Campaign,Keyword,Match type
1020.dev | Search | Wien,kostenlos,Broad
1020.dev | Search | Wien,gratis,Broad
1020.dev | Search | Wien,selber machen,Phrase
1020.dev | Search | Wien,selber bauen,Phrase
1020.dev | Search | Wien,diy,Broad
1020.dev | Search | Wien,tutorial,Broad
1020.dev | Search | Wien,udemy,Broad
1020.dev | Search | Wien,kurs,Broad
1020.dev | Search | Wien,kurse,Broad
1020.dev | Search | Wien,schulung,Broad
1020.dev | Search | Wien,ausbildung,Broad
1020.dev | Search | Wien,lehrgang,Broad
1020.dev | Search | Wien,studium,Broad
1020.dev | Search | Wien,jobs,Broad
1020.dev | Search | Wien,job,Broad
1020.dev | Search | Wien,gehalt,Broad
1020.dev | Search | Wien,praktikum,Broad
1020.dev | Search | Wien,karriere,Broad
1020.dev | Search | Wien,definition,Broad
1020.dev | Search | Wien,wikipedia,Broad
1020.dev | Search | Wien,bedeutung,Broad
1020.dev | Search | Wien,wordpress kurs,Phrase
1020.dev | Search | Wien,wix,Broad
1020.dev | Search | Wien,jimdo,Broad
1020.dev | Search | Wien,shopify,Broad
1020.dev | Search | Wien,baukasten,Broad
1020.dev | Search | Wien,homepage baukasten,Phrase
1020.dev | Search | Wien,freeware,Broad
1020.dev | Search | Wien,template,Broad
1020.dev | Search | Wien,themeforest,Broad
1020.dev | Search | Wien,fiverr,Broad
1020.dev | Search | Wien,ebay,Broad
1020.dev | Search | Wien,amazon,Broad
1020.dev | Search | Wien,beispiele,Broad
1020.dev | Search | Wien,beispiel,Broad
